-- -------------------------------------------------------------
-- TablePlus 6.1.6(570)
--
-- https://tableplus.com/
--
-- Database: sports_db
-- Generation Time: 2024-10-01 11:41:42.2990
-- -------------------------------------------------------------


/*!40101 SET @OLD_CHARACTER_SET_CLIENT=@@CHARACTER_SET_CLIENT */;
/*!40101 SET @OLD_CHARACTER_SET_RESULTS=@@CHARACTER_SET_RESULTS */;
/*!40101 SET @OLD_COLLATION_CONNECTION=@@COLLATION_CONNECTION */;
/*!40101 SET NAMES utf8mb4 */;
/*!40014 SET @OLD_UNIQUE_CHECKS=@@UNIQUE_CHECKS, UNIQUE_CHECKS=0 */;
/*!40014 SET @OLD_FOREIGN_KEY_CHECKS=@@FOREIGN_KEY_CHECKS, FOREIGN_KEY_CHECKS=0 */;
/*!40101 SET @OLD_SQL_MODE=@@SQL_MODE, SQL_MODE='NO_AUTO_VALUE_ON_ZERO' */;
/*!40111 SET @OLD_SQL_NOTES=@@SQL_NOTES, SQL_NOTES=0 */;


CREATE TABLE `games` (
  `game_id` int NOT NULL AUTO_INCREMENT,
  `game_date` date NOT NULL,
  `opponent` varchar(100) NOT NULL,
  `location` varchar(100) NOT NULL,
  `team_score` int NOT NULL,
  `opponent_score` int NOT NULL,
  `result` char(1) NOT NULL,
  `season` varchar(9) NOT NULL DEFAULT '2023-2024',
  `opponent_image` varchar(200) DEFAULT NULL,
  PRIMARY KEY (`game_id`)
) ENGINE=InnoDB AUTO_INCREMENT=21 DEFAULT CHARSET=utf8mb4 COLLATE=utf8mb4_0900_ai_ci;

CREATE TABLE `player_statistics` (
  `stats_id` int NOT NULL AUTO_INCREMENT,
  `player_id` int NOT NULL,
  `game_id` int DEFAULT NULL,
  `season` varchar(9) NOT NULL DEFAULT '2023-2024',
  `season_rank` int DEFAULT NULL,
  `game_rank` int DEFAULT NULL,
  PRIMARY KEY (`stats_id`),
  KEY `player_id` (`player_id`),
  KEY `game_id` (`game_id`),
  CONSTRAINT `player_statistics_ibfk_1` FOREIGN KEY (`player_id`) REFERENCES `players` (`player_id`) ON DELETE CASCADE ON UPDATE CASCADE,
  CONSTRAINT `player_statistics_ibfk_2` FOREIGN KEY (`game_id`) REFERENCES `games` (`game_id`) ON DELETE SET NULL ON UPDATE CASCADE
) ENGINE=InnoDB AUTO_INCREMENT=213 DEFAULT CHARSET=utf8mb4 COLLATE=utf8mb4_0900_ai_ci;

CREATE TABLE `players` (
  `player_id` int NOT NULL AUTO_INCREMENT,
  `first_name` varchar(100) NOT NULL,
  `last_name` varchar(100) NOT NULL,
  `position` varchar(10) NOT NULL,
  `height` varchar(10) NOT NULL,
  `weight` int NOT NULL,
  `age` int NOT NULL,
  `experience` int DEFAULT NULL,
  `college` varchar(100) DEFAULT NULL,
  `image` varchar(200) DEFAULT NULL,
  PRIMARY KEY (`player_id`)
) ENGINE=InnoDB AUTO_INCREMENT=23 DEFAULT CHARSET=utf8mb4 COLLATE=utf8mb4_0900_ai_ci;

INSERT INTO `games` (`game_id`, `game_date`, `opponent`, `location`, `team_score`, `opponent_score`, `result`, `season`, `opponent_image`) VALUES
(1, '2023-09-19', 'Tampa Bay Buccaneers', 'Levi\'s Stadium', 27, 14, 'W', '2023-2024', 'uploads/logo_seattleseahawks.svg'),
(2, '2023-11-23', 'Seattle Seahawks', 'Lumen Field', 31, 13, 'W', '2023-2024', 'uploads/logo_arizonacardinals.svg'),
(3, '2023-12-03', 'Philadelphia Eagles', 'Lincoln Financial Field', 42, 19, 'W', '2023-2024', 'uploads/logo_detroitlions.svg'),
(4, '2023-12-10', 'Seattle Seahawks', 'Levi\'s Stadium', 28, 26, 'W', '2023-2024', 'uploads/logo_greenbaypackers.svg'),
(5, '2023-12-17', 'Arizona Cardinals', 'State Farm Stadium', 45, 29, 'W', '2023-2024', 'uploads/logo_kansascitycheifs.svg'),
(6, '2023-12-25', 'Baltimore Ravens', 'Allegiant Stadium', 19, 33, 'W', '2023-2024', 'uploads/logo_losangelesrams.svg'),
(7, '2023-12-31', 'Washington Commanders', 'FedExField', 27, 10, 'W', '2023-2024', 'uploads/logo_philadelphiaeagles.svg'),
(8, '2024-01-07', 'Los Angeles Rams', 'Levi\'s Stadium', 20, 21, 'W', '2023-2024', 'uploads/logo_sanfrancisco49ers.svg'),
(9, '2024-01-20', 'Green Bay Packers', 'Levi\'s Stadium', 24, 21, 'W', '2023-2024', 'uploads/logo_seattleseahawks.svg'),
(10, '2024-01-28', 'Detroit Lions', 'Levi\'s Stadium', 34, 31, 'W', '2023-2024', 'uploads/logo_tampabaybuccaneers.svg'),
(11, '2024-02-05', 'Kansas City Chiefs', 'Allegiant Stadium', 22, 25, 'W', '2023-2024', 'uploads/logo_arizonacardinals.svg'),
(12, '2023-09-25', 'New York Giants', 'MetLife Stadium', 30, 24, 'W', '2023-2024', 'uploads/logo_detroitlions.svg'),
(13, '2023-10-01', 'Dallas Cowboys', 'AT&T Stadium', 28, 24, 'W', '2023-2024', 'uploads/logo_greenbaypackers.svg'),
(14, '2023-10-08', 'Denver Broncos', 'Empower Field at Mile High', 35, 20, 'W', '2023-2024', 'uploads/logo_kansascitycheifs.svg'),
(15, '2023-10-15', 'New England Patriots', 'Gillette Stadium', 21, 27, 'W', '2023-2024', 'uploads/logo_losangelesrams.svg'),
(16, '2023-10-22', 'Miami Dolphins', 'Hard Rock Stadium', 17, 14, 'W', '2023-2024', 'uploads/logo_philadelphiaeagles.svg'),
(17, '2023-11-05', 'Buffalo Bills', 'Highmark Stadium', 24, 18, 'W', '2023-2024', 'uploads/logo_sanfrancisco49ers.svg'),
(18, '2023-11-12', 'Cleveland Browns', 'FirstEnergy Stadium', 30, 27, 'W', '2023-2024', 'uploads/logo_seattleseahawks.svg'),
(19, '2023-11-19', 'Pittsburgh Steelers', 'Heinz Field', 33, 30, 'W', '2023-2024', 'uploads/logo_seattleseahawks.svg'),
(20, '2023-11-29', 'Chicago Bears', 'Soldier Field', 38, 34, 'W', '2023-2024', 'uploads/logo_tampabaybuccaneers.svg');

INSERT INTO `player_statistics` (`stats_id`, `player_id`, `game_id`, `season`, `season_rank`, `game_rank`) VALUES
(1, 1, 1, '2023-2024', 1, 2),
(2, 2, 11, '2023-2024', 2, 3),
(3, 3, 10, '2023-2024', 3, 4),
(4, 4, 9, '2023-2024', 4, 5),
(5, 5, 8, '2023-2024', 5, 6),
(6, 6, 7, '2023-2024', 6, 7),
(7, 7, 7, '2023-2024', 7, 8),
(8, 8, 6, '2023-2024', 8, 9),
(9, 9, 5, '2023-2024', 9, 10),
(10, 10, 4, '2023-2024', 10, 11),
(11, 11, 3, '2023-2024', 11, 12),
(12, 12, 20, '2023-2024', 12, 13),
(13, 1, 1, '2023-2024', 72, 10),
(14, 2, 1, '2023-2024', 52, 4),
(15, 3, 1, '2023-2024', 87, 9),
(16, 4, 1, '2023-2024', 82, 4),
(17, 5, 1, '2023-2024', 44, 10),
(18, 6, 1, '2023-2024', 29, 1),
(19, 7, 1, '2023-2024', 47, 7),
(20, 8, 1, '2023-2024', 8, 7),
(21, 9, 1, '2023-2024', 19, 9),
(22, 10, 1, '2023-2024', 41, 7),
(23, 1, 2, '2023-2024', 80, 8),
(24, 2, 2, '2023-2024', 7, 8),
(25, 3, 2, '2023-2024', 62, 3),
(26, 4, 2, '2023-2024', 54, 6),
(27, 5, 2, '2023-2024', 70, 6),
(28, 6, 2, '2023-2024', 94, 8),
(29, 7, 2, '2023-2024', 65, 10),
(30, 8, 2, '2023-2024', 99, 8),
(31, 9, 2, '2023-2024', 25, 7),
(32, 10, 2, '2023-2024', 41, 9),
(33, 1, 3, '2023-2024', 57, 10),
(34, 2, 3, '2023-2024', 52, 5),
(35, 3, 3, '2023-2024', 42, 4),
(36, 4, 3, '2023-2024', 81, 1),
(37, 5, 3, '2023-2024', 33, 3),
(38, 6, 3, '2023-2024', 85, 8),
(39, 7, 3, '2023-2024', 51, 7),
(40, 8, 3, '2023-2024', 96, 2),
(41, 9, 3, '2023-2024', 81, 3),
(42, 10, 3, '2023-2024', 28, 9),
(43, 1, 4, '2023-2024', 47, 10),
(44, 2, 4, '2023-2024', 7, 4),
(45, 3, 4, '2023-2024', 23, 7),
(46, 4, 4, '2023-2024', 84, 9),
(47, 5, 4, '2023-2024', 13, 4),
(48, 6, 4, '2023-2024', 21, 10),
(49, 7, 4, '2023-2024', 1, 3),
(50, 8, 4, '2023-2024', 5, 4),
(51, 9, 4, '2023-2024', 43, 6),
(52, 10, 4, '2023-2024', 71, 4),
(53, 1, 5, '2023-2024', 40, 4),
(54, 2, 5, '2023-2024', 28, 4),
(55, 3, 5, '2023-2024', 74, 3),
(56, 4, 5, '2023-2024', 59, 4),
(57, 5, 5, '2023-2024', 90, 5),
(58, 6, 5, '2023-2024', 20, 9),
(59, 7, 5, '2023-2024', 52, 3),
(60, 8, 5, '2023-2024', 41, 6),
(61, 9, 5, '2023-2024', 52, 8),
(62, 10, 5, '2023-2024', 59, 3),
(63, 1, 6, '2023-2024', 71, 10),
(64, 2, 6, '2023-2024', 73, 2),
(65, 3, 6, '2023-2024', 59, 3),
(66, 4, 6, '2023-2024', 1, 4),
(67, 5, 6, '2023-2024', 49, 9),
(68, 6, 6, '2023-2024', 78, 6),
(69, 7, 6, '2023-2024', 95, 8),
(70, 8, 6, '2023-2024', 90, 4),
(71, 9, 6, '2023-2024', 89, 8),
(72, 10, 6, '2023-2024', 48, 7),
(73, 1, 7, '2023-2024', 58, 7),
(74, 2, 7, '2023-2024', 77, 2),
(75, 3, 7, '2023-2024', 42, 9),
(76, 4, 7, '2023-2024', 84, 1),
(77, 5, 7, '2023-2024', 4, 6),
(78, 6, 7, '2023-2024', 94, 6),
(79, 7, 7, '2023-2024', 31, 1),
(80, 8, 7, '2023-2024', 9, 4),
(81, 9, 7, '2023-2024', 18, 3),
(82, 10, 7, '2023-2024', 3, 8),
(83, 1, 8, '2023-2024', 96, 2),
(84, 2, 8, '2023-2024', 32, 3),
(85, 3, 8, '2023-2024', 87, 8),
(86, 4, 8, '2023-2024', 9, 4),
(87, 5, 8, '2023-2024', 61, 1),
(88, 6, 8, '2023-2024', 64, 2),
(89, 7, 8, '2023-2024', 23, 1),
(90, 8, 8, '2023-2024', 65, 10),
(91, 9, 8, '2023-2024', 48, 3),
(92, 10, 8, '2023-2024', 5, 1),
(93, 1, 9, '2023-2024', 49, 6),
(94, 2, 9, '2023-2024', 53, 8),
(95, 3, 9, '2023-2024', 68, 10),
(96, 4, 9, '2023-2024', 67, 6),
(97, 5, 9, '2023-2024', 63, 9),
(98, 6, 9, '2023-2024', 40, 10),
(99, 7, 9, '2023-2024', 5, 1),
(100, 8, 9, '2023-2024', 44, 6),
(101, 9, 9, '2023-2024', 91, 3),
(102, 10, 9, '2023-2024', 54, 2),
(103, 1, 10, '2023-2024', 91, 7),
(104, 2, 10, '2023-2024', 97, 6),
(105, 3, 10, '2023-2024', 56, 8),
(106, 4, 10, '2023-2024', 81, 10),
(107, 5, 10, '2023-2024', 74, 5),
(108, 6, 10, '2023-2024', 34, 6),
(109, 7, 10, '2023-2024', 80, 7),
(110, 8, 10, '2023-2024', 87, 10),
(111, 9, 10, '2023-2024', 80, 10),
(112, 10, 10, '2023-2024', 27, 2),
(113, 1, 11, '2023-2024', 93, 2),
(114, 2, 11, '2023-2024', 41, 7),
(115, 3, 11, '2023-2024', 17, 10),
(116, 4, 11, '2023-2024', 80, 4),
(117, 5, 11, '2023-2024', 19, 9),
(118, 6, 11, '2023-2024', 22, 1),
(119, 7, 11, '2023-2024', 92, 5),
(120, 8, 11, '2023-2024', 81, 10),
(121, 9, 11, '2023-2024', 80, 2),
(122, 10, 11, '2023-2024', 11, 3),
(123, 1, 12, '2023-2024', 70, 3),
(124, 2, 12, '2023-2024', 27, 3),
(125, 3, 12, '2023-2024', 90, 5),
(126, 4, 12, '2023-2024', 74, 10),
(127, 5, 12, '2023-2024', 19, 10),
(128, 6, 12, '2023-2024', 18, 5),
(129, 7, 12, '2023-2024', 69, 4),
(130, 8, 12, '2023-2024', 60, 8),
(131, 9, 12, '2023-2024', 54, 5),
(132, 10, 12, '2023-2024', 33, 10),
(133, 1, 13, '2023-2024', 24, 3),
(134, 2, 13, '2023-2024', 1, 4),
(135, 3, 13, '2023-2024', 10, 2),
(136, 4, 13, '2023-2024', 56, 2),
(137, 5, 13, '2023-2024', 59, 1),
(138, 6, 13, '2023-2024', 40, 1),
(139, 7, 13, '2023-2024', 81, 5),
(140, 8, 13, '2023-2024', 68, 7),
(141, 9, 13, '2023-2024', 51, 4),
(142, 10, 13, '2023-2024', 44, 8),
(143, 1, 14, '2023-2024', 51, 1),
(144, 2, 14, '2023-2024', 67, 4),
(145, 3, 14, '2023-2024', 60, 3),
(146, 4, 14, '2023-2024', 93, 1),
(147, 5, 14, '2023-2024', 25, 7),
(148, 6, 14, '2023-2024', 97, 8),
(149, 7, 14, '2023-2024', 49, 3),
(150, 8, 14, '2023-2024', 68, 6),
(151, 9, 14, '2023-2024', 83, 8),
(152, 10, 14, '2023-2024', 55, 6),
(153, 1, 15, '2023-2024', 45, 8),
(154, 2, 15, '2023-2024', 37, 9),
(155, 3, 15, '2023-2024', 82, 8),
(156, 4, 15, '2023-2024', 8, 5),
(157, 5, 15, '2023-2024', 37, 1),
(158, 6, 15, '2023-2024', 60, 2),
(159, 7, 15, '2023-2024', 52, 6),
(160, 8, 15, '2023-2024', 59, 7),
(161, 9, 15, '2023-2024', 29, 5),
(162, 10, 15, '2023-2024', 11, 4),
(163, 1, 16, '2023-2024', 31, 6),
(164, 2, 16, '2023-2024', 49, 8),
(165, 3, 16, '2023-2024', 88, 1),
(166, 4, 16, '2023-2024', 40, 7),
(167, 5, 16, '2023-2024', 99, 5),
(168, 6, 16, '2023-2024', 93, 1),
(169, 7, 16, '2023-2024', 99, 5),
(170, 8, 16, '2023-2024', 48, 1),
(171, 9, 16, '2023-2024', 56, 9),
(172, 10, 16, '2023-2024', 30, 1),
(173, 1, 17, '2023-2024', 96, 6),
(174, 2, 17, '2023-2024', 68, 7),
(175, 3, 17, '2023-2024', 56, 7),
(176, 4, 17, '2023-2024', 46, 7),
(177, 5, 17, '2023-2024', 70, 10),
(178, 6, 17, '2023-2024', 11, 4),
(179, 7, 17, '2023-2024', 37, 10),
(180, 8, 17, '2023-2024', 62, 7),
(181, 9, 17, '2023-2024', 62, 5),
(182, 10, 17, '2023-2024', 23, 6),
(183, 1, 18, '2023-2024', 30, 6),
(184, 2, 18, '2023-2024', 85, 6),
(185, 3, 18, '2023-2024', 26, 5),
(186, 4, 18, '2023-2024', 22, 6),
(187, 5, 18, '2023-2024', 25, 3),
(188, 6, 18, '2023-2024', 60, 6),
(189, 7, 18, '2023-2024', 69, 8),
(190, 8, 18, '2023-2024', 82, 7),
(191, 9, 18, '2023-2024', 100, 8),
(192, 10, 18, '2023-2024', 34, 8),
(193, 1, 19, '2023-2024', 11, 9),
(194, 2, 19, '2023-2024', 45, 2),
(195, 3, 19, '2023-2024', 61, 9),
(196, 4, 19, '2023-2024', 38, 5),
(197, 5, 19, '2023-2024', 22, 8),
(198, 6, 19, '2023-2024', 40, 2),
(199, 7, 19, '2023-2024', 15, 6),
(200, 8, 19, '2023-2024', 21, 9),
(201, 9, 19, '2023-2024', 30, 4),
(202, 10, 19, '2023-2024', 4, 1),
(203, 1, 20, '2023-2024', 96, 3),
(204, 2, 20, '2023-2024', 94, 2),
(205, 3, 20, '2023-2024', 16, 1),
(206, 4, 20, '2023-2024', 29, 3),
(207, 5, 20, '2023-2024', 36, 3),
(208, 6, 20, '2023-2024', 13, 8),
(209, 7, 20, '2023-2024', 76, 5),
(210, 8, 20, '2023-2024', 32, 6),
(211, 9, 20, '2023-2024', 64, 10),
(212, 10, 20, '2023-2024', 72, 2);

INSERT INTO `players` (`player_id`, `first_name`, `last_name`, `position`, `height`, `weight`, `age`, `experience`, `college`, `image`) VALUES
(1, 'Trent', 'Williams', 'T', '6.5', 320, 36, 15, 'Oklahoma', 'uploads/Photo.png'),
(2, 'George', 'Kittle', 'TE', '6.4', 250, 29, 7, 'Iowa', 'uploads/Photo.png'),
(3, 'Nick', 'Bosa', 'DE', '6.4', 266, 26, 4, 'Ohio State', 'uploads/Photo.png'),
(4, 'Deebo', 'Samuel', 'WR', '6.0', 215, 26, 4, 'South Carolina', 'uploads/Photo.png'),
(5, 'Fred', 'Warner', 'LB', '6.3', 236, 25, 5, 'BYU ', 'uploads/Photo.png'),
(6, 'Jimmy', 'Garoppolo', 'QB', '6.2', 225, 30, 8, 'Eastern Illinois ', 'uploads/Photo.png'),
(7, 'Raheem', 'Mostert', 'RB', '5.10', 205, 30, 6, 'Purdue', 'uploads/Photo.png'),
(8, 'Brandon', 'Aiyuk', 'WR', '6.0', 200, 24, 3, 'Arizona State', 'uploads/Photo.png'),
(9, 'Javon', 'Kinlaw', 'DT', '6.5', 319, 24, 3, 'South Carolina', 'uploads/Photo.png'),
(10, 'Elijah', 'Mitchell', 'RB', '5.10', 200, 23, 2, 'Louisiana', 'uploads/Photo.png'),
(11, 'Mike', 'McGlinchey', 'T', '6.8', 310, 27, 5, 'Notre Dame', 'uploads/Photo.png'),
(12, 'Jason', 'Verrett', 'CB', '5.10', 188, 30, 8, 'TCU', 'uploads/Photo.png'),
(13, 'John', 'Doe', 'G', '6.2', 180, 24, 2, 'Duke', 'uploads/Photo.png'),
(14, 'Michael', 'Smith', 'F', '6.7', 220, 26, 4, 'Kansas', 'uploads/Photo.png'),
(15, 'David', 'Jones', 'C', '7.0', 250, 28, 6, 'North Carolina', 'uploads/Photo.png'),
(16, 'Robert', 'Brown', 'G', '6.3', 185, 22, 1, 'UCLA', 'uploads/Photo.png'),
(17, 'James', 'Williams', 'F', '6.9', 230, 27, 5, 'Kentucky', 'uploads/Photo.png'),
(18, 'Paul', 'Miller', 'C', '6.10', 240, 29, 7, 'Texas', 'uploads/Photo.png'),
(19, 'Mark', 'Taylor', 'G', '6.10', 175, 23, 1, 'Michigan', 'uploads/Photo.png'),
(20, 'Chris', 'Anderson', 'F', '6.8', 225, 25, 3, 'Florida', 'uploads/Photo.png'),
(21, 'Steven', 'Thomas', 'C', '7.1', 260, 30, 8, 'Arizona', 'uploads/Photo.png'),
(22, 'Kevin', 'White', 'G', '6.4', 190, 21, 0, 'Indiana', 'uploads/Photo.png');



/*!40101 SET SQL_MODE=@OLD_SQL_MODE */;
/*!40014 SET FOREIGN_KEY_CHECKS=@OLD_FOREIGN_KEY_CHECKS */;
/*!40014 SET UNIQUE_CHECKS=@OLD_UNIQUE_CHECKS */;
/*!40101 SET CHARACTER_SET_CLIENT=@OLD_CHARACTER_SET_CLIENT */;
/*!40101 SET CHARACTER_SET_RESULTS=@OLD_CHARACTER_SET_RESULTS */;
/*!40101 SET COLLATION_CONNECTION=@OLD_COLLATION_CONNECTION */;
/*!40111 SET SQL_NOTES=@OLD_SQL_NOTES */;